<?xml version="1.0" encoding="UTF-8"?>
<beans xmlns="http://www.springframework.org/schema/beans"
       xmlns:xsi="http://www.w3.org/2001/XMLSchema-instance" xmlns:mvc="http://www.springframework.org/schema/mvc"
       xmlns:context="http://www.springframework.org/schema/context" xmlns:tx="http://www.springframework.org/schema/tx"
       xsi:schemaLocation="http://www.springframework.org/schema/beans http://www.springframework.org/schema/beans/spring-beans.xsd http://www.springframework.org/schema/mvc http://www.springframework.org/schema/mvc/spring-mvc.xsd http://www.springframework.org/schema/context http://www.springframework.org/schema/context/spring-context.xsd http://www.springframework.org/schema/tx http://www.springframework.org/schema/tx/spring-tx.xsd">
<mvc:annotation-driven/>
<context:component-scan base-package="app"/>

<import resource="persistence-config.xml"/>
<import resource="spring-aop.xml"/>

<!-- Useless view resolver for JSPs -->
<!--    <bean class="org.springframework.web.servlet.view.InternalResourceViewResolver">-->
<!--        <property name="prefix" value="WEB-INF/jsp/"/>-->
<!--        <property name="suffix" value=".jsp"/>-->
<!--    </bean>-->

<bean id="freemarkerConfig" class="org.springframework.web.servlet.view.freemarker.FreeMarkerConfigurer">
    <property name="templateLoaderPath" value="/WEB-INF/templates"/>
    <!-- optional for cyrillic symbols -->
    <property name="defaultEncoding" value="UTF-8"/>
    <property name="freemarkerSettings">
        <props>
            <prop key="defaultEncoding">UTF-8</prop>
        </props>
    </property>
</bean>

<!-- Useful view resolver for FreeMarker's pages -->
<bean class="org.springframework.web.servlet.view.freemarker.FreeMarkerViewResolver">
    <property name="suffix" value=".ftl"/>
    <!-- false for development/debug -->
    <property name="cache" value="false"/>
    <!-- optional for cyrillic symbols -->
    <property name="contentType" value="text/html;charset=UTF-8"/>
</bean>

<!-- For JPA implementation: annotation will be used to set the type of transaction for class/method -->
<!-- for more details see https://ru.stackoverflow.com/questions/664482/javax-persistence-transactionrequiredexception-no-entitymanager-with-actual-tra -->
<tx:annotation-driven/>
</beans>