<?xml version="1.0" encoding="UTF-8"?>
<beans xmlns="http://www.springframework.org/schema/beans"
       xmlns:xsi="http://www.w3.org/2001/XMLSchema-instance" xmlns:jpa="http://www.springframework.org/schema/data/jpa"
       xsi:schemaLocation="http://www.springframework.org/schema/beans http://www.springframework.org/schema/beans/spring-beans.xsd http://www.springframework.org/schema/data/jpa http://www.springframework.org/schema/data/jpa/spring-jpa.xsd">

    <bean class="org.springframework.beans.factory.config.PropertyPlaceholderConfigurer">
        <property name="location" value="classpath:oracle_persistense.properties"/>
    </bean>

    <bean id="dataSource" class="org.springframework.jdbc.datasource.DriverManagerDataSource">
        <property name="driverClassName" value="${driver}"/>
        <property name="url" value="${url}"/>
        <property name="username" value="${user}"/>
        <property name="password" value="${password}"/>
    </bean>

    <bean id="jdbcTemplate" class="org.springframework.jdbc.core.JdbcTemplate">
        <constructor-arg ref="dataSource"/>
    </bean>

    <bean class="org.springframework.orm.hibernate5.LocalSessionFactoryBean">
        <property name="dataSource" ref="dataSource"/>
        <property name="packagesToScan" value="app.model"/>
        <property name="hibernateProperties">
            <props>
                <!-- full list of dialects see here: http://javamanikandan.blogspot.com/2014/05/sql-dialects-in-hibernate.html
                https://stackoverflow.com/questions/21012799/why-do-i-need-to-configure-the-sql-dialect-of-a-data-source -->
                <prop key="hibernate.dialect">${hibernate.dialect}</prop>
                <prop key="hibernate.show_sql">true</prop>
            </props>
        </property>
    </bean>

    <!-- for Spring Data JPA - START -->
    <bean id="jpaVendorAdapter" class="org.springframework.orm.jpa.vendor.HibernateJpaVendorAdapter">
        <!--just as hack to create/update DDL of database if tables that are relevant to our java-entities are not created-->
        <!--may be useful to save your time for quick development/create some draft-->
        <!--of course this approach can't be used for real project-->
        <!--        <property name="generateDdl" value="true"/>-->

        <!-- to set dialect
         NOTE: As alternative of 'jpaProperties' field of 'emf' bean -->
        <property name="databasePlatform" value="${hibernate.dialect}"/>
        <property name="showSql" value="true"/>
    </bean>

    <!-- NOTE: id should be 'entityManagerFactory' if we want use JpaRepository -->
    <bean id="entityManagerFactory" class="org.springframework.orm.jpa.LocalContainerEntityManagerFactoryBean">
        <property name="dataSource" ref="dataSource"/>
        <property name="jpaVendorAdapter" ref="jpaVendorAdapter"/>
        <property name="packagesToScan" value="app.model"/>
        <!--        <property name="jpaProperties">-->
        <!--            <props>-->
        <!--                &lt;!&ndash; full list of dialects see here: http://javamanikandan.blogspot.com/2014/05/sql-dialects-in-hibernate.html-->
        <!--                https://stackoverflow.com/questions/21012799/why-do-i-need-to-configure-the-sql-dialect-of-a-data-source &ndash;&gt;-->
        <!--                <prop key="hibernate.dialect">${hibernate.dialect}</prop>-->
        <!--            </props>-->
        <!--        </property>-->
    </bean>

    <!-- each entityManager should be able to work with transactions -->
    <bean id="transactionManager" class="org.springframework.orm.jpa.JpaTransactionManager">
        <property name="entityManagerFactory" ref="entityManagerFactory"/>
    </bean>

    <!-- to fix the problem described here: https://www.baeldung.com/spring-cache-tutorial -->
    <bean id="cacheManager" class="org.springframework.cache.support.SimpleCacheManager">
        <property name="caches">
            <set>
                <bean class="org.springframework.cache.concurrent.ConcurrentMapCacheFactoryBean" name="addresses"/>
            </set>
        </property>
    </bean>
    <!-- for Spring Data JPA - END -->

    <!-- for JPA Repository - START -->
    <jpa:repositories base-package="app.repository"/>
    <!-- maps native exceptions (like SQLException from JDBC API) to Spring hierarchy of exceptions that are more informative -->
    <bean class="org.springframework.dao.annotation.PersistenceExceptionTranslationPostProcessor"/>
    <!-- for JPA Repository - END -->
</beans>